GRE,GPA,University_Rating,Admission
307.4507122951685,4.059742174634401,3,1
297.9260354824322,3.8698534731651075,1,1
309.7153280715104,3.5238521479680696,3,1
322.8454478461204,3.2412252889177706,2,1
296.48769937914994,3.779289325445436,4,1
296.4879456457623,3.6573941541687,5,1
323.68819223261085,3.858077288011093,1,1
311.51152093729365,3.754068720672788,5,1
292.9578842109757,3.919821086127734,3,1
308.13840065378946,3.2859059153757726,2,1
293.04873460781306,4.02695762625373,1,1
293.0140536964461,3.57903984187696,3,1
303.62943407349053,4.3301043490501065,4,1
271.30079633013304,3.2243248727641727,4,0
274.1262325123045,4.1943855212661,1,1
291.5656870613854,3.5791643133850592,1,1
284.80753319498365,3.239432798554221,3,1
304.7137099889291,3.3064456663782713,2,1
286.3796388671818,3.371861076722272,2,1
278.8154444799706,3.6696663785607666,2,0
321.9847315338233,3.7091341952142,4,1
296.61335549270194,3.2705199984245685,5,0
301.01292307031883,3.4902581630956067,3,1
278.62877720679813,4.356908143444746,5,1
291.83425913212227,4.191017268040285,3,0
301.663838845648,3.674529467869613,3,0
282.73509633866547,3.51520139126728,2,0
305.63547027518507,3.5480125306873047,4,1
290.9904196512179,3.7454071890921665,5,1
295.62459375310084,3.0908829739206376,4,1
290.97440081655907,3.397049385030662,3,1
327.78417276763406,2.832566370448964,4,1
299.797541628931,3.6596892490421116,2,1
284.1343360656615,3.7588783758810966,4,0
312.33817368154786,3.3067254150802503,3,1
281.68734525043465,4.129594705316013,3,0
303.1329539250713,3.0096937347990638,3,1
270.6049481418034,2.914250047916072,4,1
280.07720926652354,3.589780727423989,1,1
302.95291853803684,3.918839321044862,4,1
311.07699869993115,4.173571076583148,2,1
302.57052421784954,3.316446294852424,4,1
298.2652757641764,3.9314723333725183,4,0
295.48344456616064,3.484596612199717,4,1
277.8221701444886,3.430949080023672,3,1
289.2023368740794,3.853463974994669,3,1
293.09041843560317,3.7609291513653678,2,1
315.85683339328375,2.8694431372063,4,1
305.15427434352694,4.090616139890359,2,1
273.55439766955897,4.052036541658981,3,1
304.86125954092194,3.249774919396188,2,1
294.22376579375526,3.6583214133749635,2,1
289.8461699954106,3.6976120745130956,4,1
309.175144332613,3.6042695063295627,1,1
315.46499283743924,3.2798779384618317,4,1
313.969201786743,3.2313506528247795,3,1
287.4117371516604,3.489778371603422,1,1
295.36181436223177,3.9690916077037457,3,1
304.96895147105346,3.717440061837773,1,1
314.6331769068354,3.351754267165558,2,1
292.81238643232064,3.808679484259338,4,0
297.21511535004277,2.3605829517479697,1,0
283.40497538990957,3.959506280148841,4,1
282.05690063878995,2.8041144884887603,1,1
312.187887335913,3.355023623438747,2,1
320.34360042856235,3.0521320421495424,4,1
298.919848176295,2.9821274097116377,3,1
315.05299346838035,3.9643307149514078,2,1
305.4245403757145,3.3129195194752437,3,1
290.32320368092314,3.638601552692286,2,0
305.4209340826262,3.4812317684483265,4,1
323.07054849698955,3.6908163308892488,3,1
299.4626094133507,3.5307287564241023,4,1
323.4696548372101,2.9868031103245722,4,1
260.70382343865384,3.898506727778856,3,0
312.3285375656284,3.302497366735475,5,1
301.30570602357255,2.8773672405360995,3,1
295.51488974301196,3.328753935613635,5,1
301.37641164803256,4.100303916253725,1,1
270.1864662809866,3.840088696845397,4,0
296.7049216824373,3.360539146236856,3,1
305.3566885726762,3.3602969182726286,3,1
322.16841067112273,3.371345979513047,4,1
292.2259467258953,4.330699193424336,4,1
287.8725959566022,3.6527741808926213,1,1
292.47364434623194,3.672016658876428,2,1
313.7310317655311,3.9121133816127367,4,1
304.9312666448953,3.5955156636106054,4,1
292.0535969434944,3.396383141671719,5,0
307.69901149670034,3.421460060366009,4,1
301.45616324022063,3.4713594962343746,5,1
314.5296748579933,3.4851111053960633,4,1
289.4692035918397,3.791051817454792,2,1
295.08506780103346,3.52077835432292,2,0
294.11837770301764,3.7930560308862318,4,1
278.0472757780182,3.4677133679565673,4,1
304.44180415596867,3.5314540761264364,1,1
303.91582908269834,2.700719726187157,3,1
300.0767018496369,3.8665310698809927,5,1
296.4811929993728,3.638595390359197,3,1
278.7694388692438,3.899204043943861,3,1
293.6903201585196,2.341497848722524,3,0
294.85928225209847,4.335349881912291,2,1
287.9658409616757,3.4441641487379306,3,1
297.58071432500986,3.9432731266950065,3,1
306.0607628522181,3.0840376291497877,1,1
328.292788518158,3.745109562025028,4,1
302.6186671924776,3.0786337747305375,3,1
303.86325586084143,3.250492415721678,4,1
298.8833112635075,4.265612541546714,4,1
271.21843177051437,3.4237270396946613,2,1
299.6022918682618,3.586973149271889,4,0
300.9034531491154,3.8480270922755015,3,1
336.9486316872793,3.6982727551890417,4,1
297.11458552828316,3.5601675620574307,2,1
304.5232101350042,3.64598440098649,4,1
299.4793234544214,4.46136623409531,4,1
282.469829435707,3.476952481186566,2,1
317.1423422177253,3.580439618685987,2,1
311.2789954903016,3.920261758403045,4,1
311.8654792056457,3.9422103731831935,4,1
286.3591881780789,3.974812122224152,3,1
321.0419146640415,3.755492088811674,4,1
278.97223405811576,3.0427980349078068,3,1
308.80285640700407,4.153372612920438,4,1
332.85683438714966,3.0414618427925246,2,1
285.1419551230397,3.621054186095613,4,1
291.50553405595844,3.198289659992257,2,1
301.4947704763146,3.474344661362803,3,1
292.447865188257,3.631504964121392,1,1
276.740048534008,3.6285428861801092,2,0
301.02844462209043,3.6687683016941137,3,1
284.06544429410843,4.1454845076234585,2,0
307.1038864595277,3.681413720605592,4,1
286.20863648649294,3.4023373458837405,1,0
323.2490160752631,3.885634867315343,3,1
288.2512006149564,3.9757881955698564,3,1
295.1690772569149,3.008956873945203,1,1
312.20275826054507,3.7389600279399433,2,0
281.53703525349067,3.7804690969243593,3,1
303.41189901906193,3.380974598656003,3,1
319.6071413142364,4.050282725324648,3,1
275.8877514815816,3.439977765186989,3,0
302.76950787798455,3.5502305813886172,3,1
303.89824191372634,3.4307712702864523,1,1
311.7273430766596,3.506231619032587,3,1
281.44573933682875,3.061489965241919,5,1
280.1931508037359,2.923979646962282,3,1
307.82912348425344,4.1378020252899885,4,0
304.4547700984978,3.161215460672669,3,1
303.75739275518816,3.103443060217477,4,0
305.19672314245463,2.638643954558514,4,1
289.79962917632264,3.244415300924199,3,1
303.48380545741503,2.9707640826370008,5,1
304.3960870994802,4.156806064054548,2,1
289.28472872960447,3.9039268357370536,1,0
327.98661766717134,3.2247398619289105,4,1
307.1074938136768,4.400974322137723,4,1
282.1304475419603,3.892706194796638,2,0
309.8483041295074,3.370067446596551,2,1
285.3797749465902,2.500237714050571,1,1
311.8062690561368,4.416377029036297,2,0
317.37893368511106,2.9441710132945618,4,1
287.68976522472434,2.841840501217243,3,0
314.45064193866483,3.9090281728038563,3,1
306.19171390404745,4.475900962535709,3,1
312.33090239991736,4.053709127404208,1,0
328.45189473980923,3.7255636480209438,2,1
296.31917825995697,3.7379017366661142,4,1
288.69395753463766,3.8413662235121233,5,1
286.65728355561714,3.803571435914706,4,1
287.76284572551845,3.6124765695877503,1,1
298.84347435878846,3.5416804415807506,4,1
305.11727962224967,3.474962748840191,4,1
304.1503619899503,3.1984141644533293,4,0
312.40774873554034,3.3877299692532903,3,1
300.1950283781686,2.822817274321846,3,1
321.8030111573598,3.4606641492821,3,1
296.03014750143063,3.104563557139633,1,1
340.8025374988443,3.0585642731136917,2,1
309.3850102164751,3.571957660461391,2,1
287.14263665375574,4.05680091453784,3,1
283.93661252908333,3.867326642400925,4,1
307.2370862286478,2.871799758550729,3,0
296.64805822011226,3.104148745371865,1,1
310.71000741138135,3.8763084751952865,5,1
307.09856436860315,3.1070050425846762,5,1
298.90756631014693,3.4101467400011902,4,1
287.2980942289739,3.7200208396098207,5,1
277.277291629712,3.112662218054546,3,0
293.3022757189947,3.5421502024583837,5,1
312.8459819148521,2.9663898020327184,1,1
303.21140616195305,3.2594529424195144,3,0
281.3139183193202,3.6279127736570147,2,0
302.5977138877677,2.8628025065873324,2,1
305.77976069593257,3.6761898951841596,2,1
286.742138456983,3.4921448804293274,4,1
302.3058765891829,3.720995981766859,4,1
300.87313077669,3.5895656536258644,3,1
282.85544553254067,4.045656171989537,2,1
305.36681040522427,3.550089801059163,4,1
308.4117678955235,3.328237783549899,4,1
316.2457686476292,3.5489190012129135,3,1
315.8070307805235,3.7173192116145555,4,1
279.33495948064365,3.519544028130282,2,1
285.93262440127313,3.516236676481553,3,1
307.7255290081299,3.2192033248772978,5,1
307.7067892636831,3.2348396329796207,2,1
307.7257152945907,2.9389578912801224,3,1
357.7909723598208,4.199830697274776,4,1
308.5633576603975,3.002454705843486,4,1
317.033484602709,3.222837920881637,1,1
314.31002645239806,3.212637093772321,2,1
309.77086876958697,3.8579697507777766,1,1
295.2709613303948,3.382020128683189,4,1
311.384538307399,3.9990968290694937,3,1
288.4076217819364,3.2306037503024525,2,1
296.4477208988999,3.611597664889521,5,1
292.71954678256344,3.165861178696097,3,1
301.22811209079487,4.358059651109356,2,1
334.71987850010265,3.024960632388195,3,1
271.99102211112375,3.623928284090811,4,1
310.2939028556177,3.7535107523728395,1,1
275.8092619321552,3.6655196389805993,2,0
292.9210220131585,3.4258849364489166,4,1
316.3342589545105,3.4480717201066295,3,1
300.96420028643195,3.5175245887916438,3,1
283.83382833106043,3.4411991993486044,3,0
289.2704443611005,3.885551646717964,1,0
310.19396623402014,4.3842092006365405,2,1
289.04450052424295,3.2770032859968663,3,1
303.24687884372963,2.952078808168369,2,0
300.6835775985572,3.464687180659498,1,1
290.22599478591275,4.531883735061728,4,1
332.15916133987986,3.1785301728121076,5,1
309.50878533477015,4.155646722177627,4,1
269.6228612001359,4.171080325630577,4,0
302.7968147215414,3.278564703316802,2,1
290.07320302847415,3.7275932316741103,5,1
312.78650002194337,4.151358649251415,2,1
288.1121889235095,3.348348903605005,5,1
298.2789533779965,3.418567855959055,5,0
307.57480918470685,3.2673276344205426,4,1
312.9863279125518,3.094097307722853,5,1
281.9955538941634,3.240288981973597,3,1
294.98248146238575,3.0104238932950973,2,1
292.87582033258565,3.5136333873036905,3,1
290.2000615113943,3.1920107075765434,3,1
326.4818136042164,3.5935143647162993,1,1
306.07472566441436,2.877641741518549,4,1
281.0867406849743,3.6323520928857826,5,1
313.76792920582164,3.83341158464357,2,1
331.8323429551895,2.7025057429714177,4,1
315.4869789082672,3.6496226279390287,5,1
277.2094505106898,3.991067596989317,5,0
292.7364889070062,3.016143592523518,5,0
319.00366723779933,4.169028954735081,3,1
289.38495801571827,3.667607603746418,5,0
306.65729142219345,3.2179952576966366,4,1
311.6195108014401,3.4776923689369177,2,1
286.0960429263288,3.723330765008689,3,1
299.107119659073,3.5304021565649646,4,1
251.38098989896392,3.7155023969785477,2,0
284.63418537998564,3.1317305627682535,4,1
296.21147772910257,3.567744329614431,4,1
281.28325227052727,2.934514201238008,2,0
324.48616955897455,3.45550957546052,3,1
278.5478793305905,3.138436943414084,4,1
293.39933269954525,3.2057880229640934,3,1
301.96110865929137,3.994437270084175,1,0
321.61909933599173,3.9365240482377075,1,1
278.4620677323084,3.7436552483628707,3,1
317.44745628232437,3.0630748941309682,5,1
300.15349591529383,3.3734366201220793,2,1
285.27737023428074,3.9852390799916733,4,0
306.93155211394907,3.5566867654559617,2,1
302.985895433602,4.4277318159926775,3,1
290.99674684261805,3.6573271357577486,4,1
301.04703127485027,3.5768196465960127,4,1
294.2202960470736,3.3763534143189995,1,1
301.7027601787687,3.553416361912913,3,1
309.9319601178157,3.4390120654477827,1,1
323.79025224218026,3.783243470675436,3,1
281.43276751759726,3.8826809267178337,4,0
331.995500619844,3.18560421579682,2,1
270.7186830071625,2.9675068185768887,2,0
297.72322357446626,2.7655178507586813,3,1
308.82475809726867,3.7031965307650174,5,1
304.21487801602547,3.0586533575304506,5,0
290.6595072026911,2.6388437628190067,1,1
296.87816624464085,3.6554314418123854,4,0
292.6049859801175,4.497199806973116,3,1
291.1595286458368,3.4975716353840425,3,1
312.7440314553154,3.835396309780657,4,1
305.35523228947574,3.532731743419026,5,1
289.6063560710902,3.4604441387235427,5,1
313.49399813149876,3.8676305931951074,3,1
304.60949281314913,3.3838901823245395,3,1
312.1929317825844,3.606956925628761,4,0
309.4444326288542,3.6286791224784056,2,1
287.5650748361689,3.2327638185427805,3,1
291.5972843970454,3.896816939814609,3,1
311.20940407684895,3.4300160973218365,4,1
309.15555398150195,3.1977019362028622,2,1
299.6864760905378,3.7146039374281616,2,1
301.75991074963173,3.1406128072835853,5,0
319.16497343682636,3.5112724629476513,2,1
291.12642916746256,3.4963524013423184,3,1
308.20646071755056,3.9343582263326313,2,1
296.9671102134916,3.6898792931519813,1,1
296.7347819515917,3.4899892165019426,1,1
316.48165277980786,3.827106519680115,2,1
312.3812452348204,4.056083019606925,4,1
312.2026445400096,3.723124122540745,2,1
319.58218210731496,3.504141047937352,5,1
300.3150576244914,2.975265507059936,3,1
310.22929456942444,3.073954534769851,3,1
295.34599865109817,3.377910118258133,3,1
304.8624952873266,3.2561951191362866,3,1
298.0478541844847,3.4252114788058217,4,1
301.45493947489075,3.522659969958843,2,1
308.9273553815537,3.7118771017426924,3,1
287.72668975149793,3.4718004887763634,4,1
331.38580913528193,3.6946006575304806,5,1
284.90973927750446,3.5257897659240482,4,1
281.78717080818404,2.7098133734584513,3,0
317.37166310250103,3.1242658424724983,4,1
311.87494040944404,3.4423649777113536,3,1
309.36179725578234,3.016122102863557,3,1
309.4251826389642,3.7399714919984817,2,1
299.8162984072963,4.112300332937479,3,1
286.54118442771255,3.9875047406789266,2,1
301.1370683729059,3.4146228516279167,3,1
289.84257432731835,4.0962904547399805,4,1
314.62679600126626,3.5594669828808447,2,0
297.79413927746793,3.365165611552784,1,1
287.61754204811234,3.254638934583624,1,0
295.1792123752051,3.3790121254047487,5,0
306.1939718141344,3.3447292725835083,3,0
291.5441317079404,3.568166488950195,3,1
287.6666940665035,3.5642295924199456,4,1
303.6553081723787,3.5012184080613657,4,1
303.67449856663086,3.67477526789854,3,1
292.39585236943304,3.9762585099145364,4,1
292.9344254157252,3.8798216541765296,4,1
303.48074906036453,2.9060408126200388,4,1
278.27873487754016,2.478431546039218,2,0
278.88804338435165,3.8737279644957097,4,0
289.2233366812135,2.9532485206338315,3,1
296.79829272432227,3.4100938392429265,2,0
304.6636134839701,3.031954789576256,3,1
322.13034325424326,2.779207824967992,1,1
312.8648943480303,3.716585091281915,2,1
297.6009220505486,3.803662064121059,4,1
299.71475688145966,3.269395839709312,1,0
284.96205953043284,2.463583083142036,3,1
299.7223029601142,3.2815022206990068,3,0
295.6701204161979,3.6567216021610185,1,1
304.8407784050713,2.9084353724903487,5,1
287.59153584671515,3.5733439679116623,2,1
307.7901977136176,3.493876060330802,3,1
322.99108369503864,3.7317165998404356,3,1
298.36859777314714,3.547832147365661,2,1
306.02567583148414,3.110772423647378,1,1
310.3521598756667,3.9786286006657967,4,1
293.98169292171247,3.436588170789212,5,0
303.36138722715623,3.4890781841960274,2,0
300.18888601172694,3.1266928163707215,4,1
301.46514147823245,3.322687099523396,4,1
288.40485324216803,3.1460789143892396,4,1
300.36765261388416,3.4308215760306306,3,1
307.46997436868173,4.184683392056938,3,1
321.7671541169256,2.9512395428274574,3,0
314.3890623912781,2.8545754408493034,4,1
332.29773686267333,4.088468130997444,4,1
288.48978655667923,3.4162705291392537,2,1
313.0848095508102,3.232370904536033,3,0
302.7501300860753,3.9159618749584304,5,1
332.84704399826506,3.257753784105254,4,1
287.87552571967274,4.230403885418775,5,1
287.40417236728837,3.7711703485357075,4,1
291.00911031833965,3.304835436741719,3,1
268.1415641353529,4.362923285306201,3,0
292.11367467478857,3.2577140307986645,4,1
288.61301007669454,3.796838148803723,1,1
302.2559067971431,3.6197170321625967,3,1
305.1263396366574,4.02069651575952,4,1
328.1425625882383,4.124604478690741,2,1
314.25635757279076,3.5128016596263065,4,1
291.3464451650639,3.1986328518615266,3,1
286.5237799297746,3.6839888571756467,5,1
307.37878757259756,3.2289138520991574,1,1
280.19650189469036,4.305354899010649,2,0
327.4718814878153,3.554614132433095,4,1
317.6916018108193,3.3538713794751565,2,1
292.96236521842945,3.5738721223459633,4,1
274.3029820636368,2.9611494841881214,4,1
320.3080856124812,3.111354384595739,2,1
298.28190232121074,3.98016556317777,3,1
318.5672446796019,3.2372422884114416,3,1
276.0835851180845,3.081235606927224,3,1
291.0093746556934,3.7146611010109143,5,1
300.07865549577275,3.9742816618651986,4,1
300.7047089064711,3.787581324266027,4,1
293.24901792781134,3.8984190743223266,4,0
309.3427489852125,3.1972819645722157,3,1
283.9856935592611,2.9312757333032624,5,1
297.8643077246806,4.100533460782195,4,1
301.8044344756785,3.3709280644631456,4,0
307.7165825108812,3.399666793417981,4,1
310.6742231713333,4.031277656739623,2,1
283.13036862243194,3.722492003760264,4,1
276.98828743896564,3.682355108832643,2,1
319.16515232847763,4.366000937960433,3,1
304.9847101796939,3.2425927078479426,3,1
288.7727019516517,3.871136051232495,5,1
323.26727963283787,3.522805249958834,4,1
301.73511951439286,3.607436911545303,4,1
317.6894577609574,4.111387370565013,4,1
301.0127772211516,3.7031343025158496,3,1
330.9112188732298,3.715318431619853,5,1
326.33011263664804,3.929002934923921,3,1
296.2655377728139,3.3540189081828458,3,0
314.57356426431534,3.1643161330643976,2,1
309.6806392437772,3.0820763223915866,4,1
320.52947336298524,2.7134573642495994,4,1
285.5261480912984,4.322482851976129,3,1
310.29077189997656,3.058716653711327,1,0
315.8763673027438,3.411498550565691,4,1
273.6189077036533,3.3892746800444318,1,1
282.2511223100134,3.6229626791236402,4,1
269.4115173335985,3.826294885015719,5,1
295.9588974833316,3.844189395343898,3,0
310.76313383693946,3.2667690245724246,2,1
322.53535578144044,3.4331513144854355,4,1
301.11142170629665,3.61303198019532,4,1
324.42923318356935,3.4005235495265813,3,1
279.2984781267766,4.142938230407997,5,0
274.44926340967265,3.6963899806553004,1,1
299.1667845165507,3.793951114419927,3,1
305.7609817340896,3.765152507466965,4,1
299.5095787785886,3.96938954299413,4,1
268.9883684994019,3.5724086234814827,2,0
298.6631994073082,2.9812672208176614,4,1
280.4329574924272,3.6598751807010568,3,0
310.04508823245055,3.2394572424832684,3,1
305.4989736914527,3.288553327300097,2,1
285.90180320508966,3.7345456075020373,4,1
292.2919962399496,3.9953132285734543,2,1
284.1117971716657,3.5085086306944246,3,1
299.05981354090244,3.6235332050395854,2,1
314.3271348075186,4.180885977854095,4,1
285.2141093049668,3.5963012717954275,4,1
307.56069773276766,4.540673245672158,4,1
292.0461357244134,3.726203858252618,2,0
288.10690751606484,2.795694896337673,4,1
298.3945446006816,3.801336648441813,3,1
284.4713651637094,3.6524633539531113,4,1
291.69526041979225,4.015901101633099,5,1
282.03183161116726,3.769272540507983,1,1
329.47087699374583,3.4446176064064904,4,1
300.52895327957594,3.0102807054842535,1,1
289.5041173801112,3.41639069708559,3,1
303.2096986610133,3.15979181831628,2,1
298.31507925463757,3.267790620078111,3,1
296.6854560070017,3.735431361768244,3,1
309.2125005006514,4.167961801740563,4,1
311.3626156507096,3.6578686119291923,3,1
292.0424827858421,3.021646775185926,4,0
291.3627263903298,3.6778410672880564,3,0
295.87422454272536,3.9786525946582603,1,1
265.4711825289662,3.256086838272247,4,1
277.27213406702174,3.446393133330833,2,1
320.5031140116679,3.5058752778916786,3,1
324.6745157025193,3.186040674767104,4,1
296.26445940665434,3.7593121735375434,3,0
308.6483544458365,3.4516207405568875,1,1
304.66875231815305,3.667812977562811,3,1
346.18321212682855,3.14500312887916,5,1
316.7936236715187,3.325016679870636,4,1
298.0812361277885,3.7889525431311086,4,1
285.6668933909936,3.350866739163293,4,1
275.9033051961364,4.190785540493362,2,0
303.0519545380084,3.340145525754159,3,1
288.6547388207355,3.5898738903007543,4,1
278.6661943560349,3.873036332749236,2,0
290.3014067363621,2.9326537068267875,2,1
283.7767799457841,2.7956764752076895,2,0
325.30712452608844,2.889737474171962,3,0
313.2245963542418,4.005033641370873,5,1
299.88041038025074,3.2792567416430214,1,1
322.1991620833504,4.523279714267301,3,1
301.1605246147143,3.2743009605370443,2,0
287.08073698007604,3.5738205212788148,5,1
322.84686115904486,4.11684398102715,2,1
308.0836506552699,4.302437155263649,3,1
284.44130768510314,4.3246014306545595,4,1
297.14491982874586,3.983346492237257,4,1
286.8657261992286,3.909625010324585,3,1
279.25800403553495,3.7370107796804732,3,1
313.89266321297464,3.8113444304666553,3,1
328.641249607052,3.2795257134685865,2,1
279.02148639271286,3.172720446631077,2,0
308.4445385503586,3.4986502170356193,3,1
290.2403614631726,3.4319261509900287,2,0
292.69311924352957,3.3187087802690898,2,1
291.11409113641696,3.778554978982686,4,1
287.0401384548028,3.882122083428204,5,1
300.7278244191724,3.535362754516739,4,1
287.5357482538344,4.091012032422105,1,1
304.0568523866976,3.043324354346598,1,0
299.24642835826296,3.4225362162881128,5,0
296.41577929700384,3.213271071758878,2,1
286.38654506937604,2.753385353170776,1,1
291.348430041475,3.4669277256629205,3,1
311.3308683873863,3.4513009966466868,4,1
307.5137578143657,4.105379897296852,4,1
285.33667132802174,3.752324673821911,2,1
301.48998458143836,3.090325270268318,1,1
311.27080685057683,4.241637026533676,5,0
274.95892078317945,3.9884134782101412,2,0
308.150402885699,3.7328390813874464,4,1
290.0606436158123,3.4094063604600673,4,1
308.5589800288974,3.1162243053106082,4,1
288.55111265186224,3.3511172895715786,3,1
272.9267684900322,3.9354994478816745,2,0
275.58686343175253,4.253834522373843,3,0
300.72127419992074,4.117297411308876,4,1
303.89583752582223,3.3044602312854905,5,1
286.4352506234339,3.0521530266843957,2,1
309.5788868816606,3.5563544987644815,2,1
275.0771990659656,2.7926242537748593,5,1
299.00880302029026,3.6292670856739124,4,1
281.83475700356314,3.4409589654805326,4,1
290.2224583829676,3.313585399252703,2,1
300.7109800697462,2.862118773093282,3,1
287.09379952074073,3.705440042627887,4,1
294.2316668365526,3.2869196641352354,4,1
315.0943921382166,3.0320332657158846,3,1
291.34662195715276,2.35109511468734,1,1
312.53538168097714,3.4889940379797455,3,1
283.0543971801357,4.208900638667898,2,1
307.94706266872925,4.164503685819148,3,1
321.6235293098685,3.317161497365491,5,1
262.92533249809065,3.2591151758552876,3,0
288.04657116794283,3.6875097024300096,4,0
308.6560819077081,3.1006458243246833,2,1
296.9543192093551,3.6207167599277863,4,1
305.56718810056964,3.806432111353876,5,1
290.9402221992627,3.990773289553723,2,1
301.2988468120935,3.459938369408019,1,1
297.6648414691188,3.4185304999292137,3,1
317.5167309248971,3.1488069652973754,1,1
303.8163126495182,3.1692478583840558,4,1
305.06403993112804,3.409408443239389,5,1
293.821845508163,3.6469462027264714,3,1
292.68590663891257,3.8654338504932997,2,1
293.5116271827057,3.1787284197278622,3,1
305.91678213567445,4.097075427583809,4,0
293.68523278769607,3.3915505595829725,1,1
304.3466228534462,3.4914530822606253,3,0
331.1310119796816,3.2011153283408706,4,1
313.0668705514754,2.5303038958908233,4,1
295.10964701748236,3.85361815854442,2,1
318.01820883245915,3.794737558836973,4,1
293.8788694046767,3.3874689771527144,1,1
269.4281319723322,3.5267962868899487,2,1
284.87870533623897,3.70637568708164,4,1
271.93812118461216,2.874981657245383,4,0
294.7272977393804,3.288378929061482,1,1
300.2762756878433,3.8177058718487307,2,1
325.1465596841292,2.9982842307323003,2,1
304.90391060646243,3.6174231728666517,2,1
296.71349206786704,2.957367278150638,2,1
312.44108371775235,3.6865719929734104,1,1
266.8329703648817,3.4857434070810065,3,1
303.53421837162847,2.853947273637796,4,1
311.5629779083045,3.9658957417828686,4,1
277.82120631330235,3.2061633692807803,4,0
317.15631064810395,3.175899025194248,1,0
305.0774461124162,3.5802276788923773,5,1
293.77068129148796,3.959454939771486,4,1
309.49172799159425,3.093671272408641,4,1
334.06039286706596,3.524671939939189,4,1
302.72799382587743,3.6715266001322293,5,1
303.72330879450504,3.7772422429052575,3,1
293.10958650689633,3.57057662211089,2,1
287.25233445802814,3.353188864366671,4,1
312.4550372481637,3.168963911740512,4,1
287.158742611367,3.53445755321855,4,1
301.07349355829086,3.0711443952057573,3,1
292.83513829852325,2.331459806602157,1,1
307.18469738619586,3.674623921663067,3,1
305.00493157930424,3.8615739364344783,5,1
315.5630991638685,2.5548270257832644,3,1
292.3497540171788,3.096107718116025,3,0
295.9518759705994,3.7476617044020792,2,0
285.3185442632654,4.3229981878846795,3,1
293.3356010988583,3.5083174830701633,4,1
305.6595073956728,3.208798823508346,4,1
311.3548292496803,3.4268414235580638,4,1
286.1675201373356,4.049950567659274,3,0
313.0440888015849,3.241614328350186,4,1
320.3345678820743,3.1803231973398987,2,1
306.2015235483555,3.306902591127187,4,1
328.151937188371,3.118668556696515,3,1
288.3931620134464,3.549068126397918,3,1
281.3301794503287,4.149871383387825,4,1
273.3191962664358,3.6292317092464117,5,1
322.44066467233773,3.399058599149485,1,1
309.8154848453109,3.3832754924337824,4,0
299.1662299363432,2.874723676521337,2,1
304.1995293947973,3.8532439108588634,3,1
283.1176642905244,3.468865121194879,1,1
336.6862796942524,3.42780803456375,3,1
301.9383177296284,4.777243027137945,3,1
301.6409219190734,3.6195011633462744,1,1
310.88649935848036,3.1992835799619264,3,1
307.2151384760507,3.3294569615177827,5,1
303.35826036418695,3.959378283678702,2,1
288.14288316832034,3.545308164215106,4,1
307.07202535703993,2.924688808673053,3,1
328.2303674471255,3.8676915738300814,4,1
320.18130069232467,3.2327423657844023,2,0
323.89779939959095,4.2493191104870185,2,1
292.3317648535322,3.9320192262858593,2,1
285.1559276961213,3.3210712417364996,1,0
298.11319619850525,4.012406544694045,2,0
300.8358736843304,3.5271422042109615,4,1
316.41287277706425,3.8411094700488877,4,1
274.6130305542777,3.6938931269177897,4,1
322.9432547919092,3.1614573380036504,4,1
297.62988152131516,3.2425800670730154,2,1
293.5967839507887,3.9119843270324646,2,1
284.8184343710975,3.366089867157384,3,1
275.1771499220134,3.3385406147032013,2,1
312.3475587594287,3.1179509682602586,3,1
301.09976950782607,3.6694396262373843,3,1
280.6505865038842,4.325009967697258,3,1
280.5738184190458,3.0729868342982907,3,1
294.9632295106481,3.5096877826691033,4,1
325.03532287934087,4.0648882221661715,4,1
296.10612972954596,3.468143443501714,3,1
277.4528557032284,3.6809487184998937,5,0
296.3138540387108,3.075042588741248,5,1
295.90914645378496,3.6713228388830594,3,1
259.54670035587645,3.4251422939981806,3,1
299.18557700223283,3.894291998271945,3,1
296.53598204686983,3.9749544206259,5,1
310.44309547220126,4.535825456807445,4,1
327.7343414241802,3.7318532692854305,2,1
316.89847544321634,3.6303185266328666,3,1
295.9666696416775,3.5777537206309344,3,0
283.40211136887496,3.3587334828757247,3,1
338.6003970487479,3.6353935373846764,2,1
300.88827651021734,3.3818394359443884,4,0
300.2089393786942,3.5673843905078457,4,1
299.63812369334994,4.027039014243184,4,1
302.9712714115178,3.0973829738881435,4,1
297.83459382114086,3.955951424451618,4,1
291.39506989679643,4.026846026935946,3,1
291.7971158813941,3.4527725892035686,4,1
299.50870094676003,2.651258040396562,2,1
291.8486284329935,3.256871205162227,4,1
289.30731325984254,4.018797818624444,2,1
301.59645341537845,3.4908527750804472,4,1
296.17534173868717,3.1002791070820357,2,1
322.5598948287403,3.298090031508713,2,1
260.2354528741048,3.836248010601821,2,0
316.37260277883695,3.718693427280552,1,1
318.6912778874644,3.4044271603321223,4,1
268.8991465138778,3.353270235274125,4,1
294.8596860887948,3.3432967403824714,3,1
294.42838701006315,3.131035926200599,2,1
278.88732457923265,4.146150275787777,1,0
288.3327496861369,3.371071812315464,1,0
283.34136231801256,3.9868634083301986,2,1
326.2840566513543,4.108526420768981,4,1
314.0351758972119,3.899324359259184,2,1
319.0733264249124,3.3273518749127806,3,1
310.8250809606485,3.6614920361346437,2,1
283.06422343174154,3.4903217574436334,2,1
292.1321960058034,3.1385192557079487,3,1
307.3406184184188,3.6297437126886414,4,1
281.6680828666208,3.028384083536079,2,1
310.6949764525858,3.9750717553846253,1,0
296.39511902762797,3.3141530810806428,3,1
294.37768788675606,3.5804638623491356,2,1
310.6643995230524,3.6133151486184567,2,1
306.6639496722906,3.396438010518369,5,1
294.5855075127138,3.7346775205901097,4,1
317.3899470504637,3.3100385373509904,3,1
283.7840500860015,3.8485189189828977,3,1
309.239034104164,2.9616081279013007,3,1
308.8965188695258,3.5505518318185647,3,1
295.3568034102901,4.275571599623314,4,1
304.89199533363177,3.09986747015777,4,1
281.23329635422044,3.2289020117900593,2,0
313.8604052881035,3.7055631398635662,3,1
297.22646795335515,3.5718327127758394,3,1
292.15915469221443,3.6402520397094236,4,1
315.7351383875533,3.6956748520590654,4,0
289.4348446418586,3.753888587424708,3,1
278.8730805545466,3.9438799367824893,2,1
276.65056239714147,3.663927462771405,4,1
309.0901492701846,3.403496938152583,2,1
280.79355971255575,3.7690294804810924,3,1
326.3219127297655,4.259952773958086,2,1
268.7710588817442,3.4469465014469707,4,0
325.4468455243506,3.1101882781317434,2,1
303.1652620080393,3.942832267714789,3,1
298.54930332194414,3.451847534418561,4,1
291.82621369786574,2.6309321815943854,2,1
305.98704171528107,3.8389686708601687,3,1
299.4354794636273,3.285868725618431,3,1
316.5495282302478,3.463786687078336,1,1
301.7134147299306,3.632792132227606,4,1
302.2545264219282,3.576199871911627,1,1
294.5458168167922,3.783780726855616,3,1
299.145815644184,3.3258054517720628,3,1
304.6170265333809,3.705242319270433,4,1
274.34747411015064,3.396181328966433,4,0
279.7772186684143,3.795524192355001,2,0
311.14896141034075,3.746146993605221,1,0
302.5629815719191,3.125824519182162,4,1
297.24024995470984,3.9343928464700126,3,1
300.2765089959809,3.2856146219543807,4,1
305.2137255804251,3.823223119312458,4,1
291.90360479535957,3.6469149253605364,4,1
288.3254291189653,4.235273470718049,3,1
302.93767882646523,3.410613607051259,3,1
285.32440833577454,3.360273281552721,4,1
306.1237913357171,3.492232157644907,3,1
274.4612459364324,3.37872808686629,2,0
315.4373345598847,3.8199767607768202,4,1
307.08896223619564,2.853475756625365,4,1
303.8404460147081,3.078527032341458,3,1
314.7403647591827,3.072878831368323,1,1
324.9821166669386,3.8801230367894304,3,1
315.215550975272,4.1842453490327705,4,1
272.3868865300253,3.4582203125850115,5,1
280.8063454989645,3.432471310723996,2,0
290.6277213345648,3.5280208652452725,1,1
300.3913657531625,3.964751321043276,4,1
307.7648853070368,3.1290587463237705,3,1
289.113842802698,3.5953475930939143,3,0
302.8015014671562,3.8900790519129718,5,1
288.6692560147002,3.700437667975938,1,1
290.8272329551208,3.575832646639497,4,1
278.90008354727667,3.9004184370268566,1,1
286.15150130833644,2.418707082800305,3,1
279.724730915755,3.771150127812363,4,1
285.36190120534,3.2383697267490303,3,1
315.8046269491176,2.7677468412574173,5,0
285.7590166675209,3.704481039809992,3,0
339.4857309725609,4.049463418065183,3,1
307.39976851321336,3.4450205941489234,2,1
302.7725418554231,3.8811498188811755,3,1
287.1246332972818,4.1449113031954585,3,1
310.5046481911349,4.025965781433619,1,1
291.3654326064334,4.1559858117485575,3,0
301.83014721968044,3.796850996428757,3,1
338.4012680740319,3.530173455560637,4,1
298.55910150413024,2.859213675241133,4,0
317.2390998942851,3.4015750047480204,4,1
289.45235362311166,3.1627013618735234,1,0
299.4751726425456,4.368377086999126,2,0
326.56200953453265,3.429645675027065,4,1
290.5954941331835,3.5492819227137944,3,1
327.1867283699539,3.7205941504161872,1,1
310.6162790318321,3.5174409785489815,4,1
291.562998361586,4.178020416172301,4,1
309.4861160858328,3.250940255306219,3,1
314.58831674440097,3.577842982094897,1,0
309.32714943325794,3.2030117657207806,4,1
276.44662920164313,2.971990995511718,3,1
289.09294236262696,3.255292363637886,4,0
296.28722046672743,3.485185281180635,4,0
298.8834985634993,3.328279110193096,4,1
309.3100814632602,3.2230316080504577,3,0
302.6655150139988,2.9374730145312666,2,1
279.9698346193485,3.466757770948522,4,0
305.70296776508945,2.898111850387599,4,1
309.15878617925733,3.8040223854758413,4,1
308.3968567189656,3.5329759011738013,2,1
316.2117108833193,2.9169794002140277,2,1
312.50883231823354,3.3763163691800546,4,1
306.88770118842655,3.199137437763767,4,1
298.9475143281203,3.627669804167672,5,1
275.0855859972601,4.036180178409258,4,0
306.4442732869888,2.749931012141702,3,1
303.1153153074467,3.5460104316589667,4,1
304.0736825579306,3.435946881773344,4,1
280.84877136269535,3.768536030580186,3,1
283.78415189387607,3.585278651295076,4,0
315.79729279999356,3.1992122673044725,2,1
299.40667269215015,3.372378425733353,3,1
310.2225104605894,3.181589657278604,4,1
300.4247756419569,3.9304028554394392,2,1
300.44634209243617,3.508524659468777,2,1
314.07425708963996,4.260476274301203,3,1
292.2593290767394,3.475735674474152,2,1
301.44181165411476,3.2166372932358147,2,1
293.0658706694244,2.894514242954869,3,1
293.48255658851525,2.778744129497622,5,1
295.3624181479704,2.866345622797804,3,0
303.33200657450567,3.6068506604045933,2,1
292.81877067504786,3.7034900092919734,1,1
318.8363418836028,2.8675237191871465,4,1
286.58089046670744,3.858015325630446,3,1
297.1969253375796,3.306775579326624,4,1
293.4040341258874,3.55871720479422,4,1
321.704668265306,4.14488825130217,4,1
302.9483216476736,3.8587357263462128,2,1
315.47766809202955,3.392587740837667,4,1
277.7165944044454,3.143523109833885,2,1
304.00575398803886,2.6392738394682778,5,1
313.34446193435156,3.212338672303032,4,1
301.23425983913137,3.415547904468922,3,1
315.98220562598027,3.1051281891395264,2,1
292.24067324849443,3.447497213163078,2,1
321.1402116027837,3.5307407531835073,4,1
334.4834718542888,3.4100576072767685,2,1
294.55742159340514,3.239998967670616,3,1
293.3174621789884,3.5674618687866912,2,1
321.8007671567655,3.6767762598277636,4,1
323.6935821859607,3.0638403690228615,4,1
292.157099592701,4.064372951898508,4,1
293.6971977435621,3.4605647470862952,4,1
295.77323086709237,3.507539849177939,2,0
279.8332423344858,3.783285769302623,1,1
286.220220802737,3.5932864525054007,4,1
284.93788849871896,3.881254653565298,3,1
288.48303652343805,3.6148496660807297,3,1
299.4797266891983,3.255025050143825,1,1
303.5132209880478,3.6446014100824407,2,1
323.25750739221115,3.042509517071735,1,1
285.02468938891815,3.5434238823106092,4,1
314.7648359771488,3.4867080037422156,2,0
296.79016733661734,3.416753257090984,3,1
299.2580443552135,3.4485849954244276,1,1
310.12229238249904,2.7472603818009445,4,1
283.1591696765655,3.2805100369036153,3,1
305.73614619276077,3.537137960456446,4,1
302.4967831231958,3.56394255679896,4,1
307.38676896012225,3.088929943629617,3,1
304.33752965861726,4.00628313634588,5,0
336.8295020986634,3.1535300607142,5,1
290.4339002362303,3.8877828802106946,4,1
292.0350456749727,3.670877744748674,4,1
290.6528921036285,3.2415090760624787,2,1
291.66784321259615,4.210124357043805,3,1
290.4391930904022,3.022545267297408,1,1
317.8352479666133,3.8676616694440007,1,1
321.30756371984785,3.9002329272171914,5,1
291.4388055937579,3.2317519163693422,3,1
287.5146664034366,4.056986120025732,4,0
307.0712333457961,3.399981394160419,4,1
291.71665433578545,3.615477451711943,4,0
309.49397726633265,3.604128735508488,5,1
303.0438453127695,3.446276503411781,2,1
277.2638382750415,3.824323309263913,1,0
323.2125780199509,3.8173954882208854,3,1
326.93816509643284,2.8005872107047276,2,1
290.8081696427342,4.021736097151261,1,1
294.18447660096024,2.83500320478573,3,1
304.2879808608736,3.913018481736663,4,1
305.0168518498054,3.9506820547310335,3,1
309.87816409009247,3.063613427913921,3,1
330.15306808149523,3.335674284818166,4,1
297.34579158758925,3.0577181326056255,2,1
288.0255413319232,3.414031587884506,1,1
279.3102115797821,3.3767862863257037,4,1
289.0360494008712,3.811864212907736,4,0
299.50309540689307,4.024123498447843,4,1
326.9183679527668,4.058273524315982,1,1
292.2358305144574,3.275132789368679,4,1
303.3568192745835,3.416311250502189,4,1
299.75365655890874,2.82662472311162,3,1
317.82589910172123,3.1776519734015247,4,1
337.90398638810433,3.885940653238983,4,1
292.0369684061952,4.146233129419293,3,1
292.6584083622267,3.006260451248031,3,1
315.66241315603605,3.2630142963388424,5,1
310.22837234439464,3.489437697216429,4,1
327.7006098860405,3.6120644635278425,3,1
308.7589227798895,3.1761585920313413,4,1
294.6106186381941,3.669624417785636,3,1
308.85982246038463,3.3104642611716337,2,1
316.6305537087436,3.4942190916486884,3,1
312.30723271796046,3.71851369920148,5,0
307.6091104666095,3.502568907924375,5,1
316.0001203438373,3.3254456437893727,3,1
317.5394338566851,3.4561560784296677,3,1
320.7323848655629,3.4646548163178656,2,1
309.73064831384465,3.351995588047149,5,1
297.4932287952472,3.396481574933159,5,1
302.20070529649985,4.139458868201887,4,0
318.09763449762534,3.7243677791764953,4,1
287.74596493519147,3.381807872788336,4,0
305.5300996330935,3.7787817618042943,3,1
294.0999178150896,3.366472204097596,1,0
300.4311723440223,3.9692498550346564,3,1
319.17677793910946,3.6478568768792377,4,1
302.86648602029857,3.4570791423983085,4,1
300.69654822234224,3.679086770324111,3,1
279.6021578853012,2.8716495391726005,5,0
311.1938034904083,3.049293012436078,2,1
309.68226271711615,3.0224299974403777,3,1
332.4488208495819,3.5571772379054827,4,1
295.383326475705,4.193005999794037,4,1
303.2872549149591,4.392520058477053,4,1
303.7407552556613,3.755220440576303,2,1
323.66179919645214,3.700337789977783,2,1
298.5705670141957,2.7795769063389044,4,0
304.18532288655507,3.2829304801063914,3,1
309.11844764574806,3.1848864992367045,2,1
302.7991368473454,3.2516609606995535,4,1
293.3034957817421,3.4327424725660842,3,1
302.9113498934746,3.311163768921149,4,1
316.10447624789657,2.708280075849685,4,0
284.6022705088341,3.7991641024470137,2,0
301.9945451122031,3.0709027897040775,1,0
289.4981877759124,3.59569874564446,4,0
317.92569943387264,4.329633067899989,4,1
277.15219642824337,3.132246163365431,4,1
291.61617229092616,2.487884990901468,4,1
305.6581781259678,3.3855983112479557,4,1
323.4828604385151,3.9403838539994283,5,1
299.0137460839052,4.283338981688238,3,1
291.672007099602,3.008180162219033,3,1
328.21735604160887,3.6986796892946088,3,1
278.27979149375636,3.3138758172879785,2,1
267.01791065069875,3.4576206582783455,3,0
306.6002167508,4.557737338806814,2,1
292.4691866347108,2.8988118686419386,5,1
284.6815077430393,3.601495864597829,3,1
310.6253467094903,3.6870772687061732,3,1
303.657010706568,3.934314529975739,3,1
291.5388205389491,3.539193261388358,1,1
280.7954340199366,3.623220215801641,1,0
313.08685992420214,3.3433405730312837,3,1
309.7530176693799,3.6076507764980428,1,1
298.5123620433093,3.362723089801036,4,1
327.69955494071496,3.7486287559424203,4,1
283.94872850510774,3.3521558655825463,4,0
277.1171224361289,3.6508401575608747,4,0
289.6213789517813,3.4882948745260087,2,1
299.3162097546675,3.9504201003088673,4,1
303.6500917398404,3.4794425105646054,4,1
296.38145913215504,2.7907870127172476,2,1
305.28083094771443,4.004768600285597,4,1
281.2269086371433,3.137707079654952,2,1
321.6564690610989,3.238493464540472,4,1
298.7677323241115,3.261735482382603,5,1
316.7594374738219,4.049775237268327,1,1
305.14088019566555,2.6457303144085214,4,1
306.85129828730675,4.755099413463998,4,1
308.5465092034831,3.9224227236264206,5,1
306.71562840025973,3.589295565651664,3,1
309.64084139801315,3.4780423997534853,4,1
319.9372879519865,3.6142216299430627,1,0
302.94781754552207,3.7084489713517352,3,1
310.6350563638277,3.758086234380023,1,1
298.6539645856916,3.7222417864013795,5,1
321.6017582317421,3.5358322725020996,4,1
289.854115469111,3.4210646318770697,4,1
327.0141064936622,3.4394906865385955,5,1
299.3976307403349,3.4220366878589275,1,1
278.5383734682293,3.953508038746826,3,0
301.92156622366184,3.737422688912345,1,1
289.7842251378768,2.323844546134288,2,1
312.6096532348309,3.7623603106119043,2,1
290.21064031046416,3.57789447788751,3,1
293.3072485017783,3.492516497421641,2,0
271.656889035817,3.3445926187644455,2,1
293.2154052112638,3.9496450879944054,2,0
263.64181010056564,3.879010584849143,2,0
276.2414576477141,3.1908489328705563,5,0
311.40621984216443,3.662820914849814,4,1
311.7870023797625,3.1113373061834855,5,1
306.3818634267745,2.948152734084428,3,1
285.4953578530618,3.249313110164014,2,1
299.28432965787033,3.8449573889531035,4,1
299.9459619136415,3.8812500181504346,3,1
282.62452966211185,3.7052341680389174,2,1
322.5509745265073,3.7900383147391987,2,1
313.1604343586351,3.7064713148459836,2,1
296.68553739255503,3.243407361910819,2,1
300.40328758491796,3.672769017869576,3,1
303.12574211921327,3.820163810091073,4,1
269.37397697363565,3.80171653192543,1,0
296.29233926219104,3.975565348589857,2,1
289.77023628003303,3.7833215388804255,4,1
284.9756998515763,3.640579283016633,2,1
295.7834956067107,3.928060095326571,3,1
326.96529790274286,3.489391496300376,4,1
309.61264291900517,3.1472501395089125,2,1
291.43231515325806,3.4347732144224943,1,1
308.5887417203424,3.2020389420774205,3,1
